kind,a,b
breeder,Ｈｉｌｌ’ｎ’ＤａｌｅＥｑｕｉｎｅ,Ｈｉｌｌ’Ｎ’ＤａｌｅＥｑｕｉｎｅ
owner,（株）ＮＩＣＫＳ,（株）Ｎｉｃｋｓ
owner,（同）小林英一ホールディングス,合同会社小林英一ホールディングス
owner,サイプレスホールディングス（同）,サイプレスホールディングス合同会社
owner,（同）雅苑興業,合同会社雅苑興業
owner,（株）ＴｒＹ,（株）ＴＲＹ
breeder,松田牧場,有限会社松田牧場
breeder,下屋敷牧場,有限会社下屋敷牧場
breeder,株式会社目黒牧場,目黒牧場
breeder,庄野牧場,有限会社庄野牧場
breeder,合同会社小泉学,小泉学
breeder,ヴェルサイユファーム,ヴェルサイユファーム株式会社
breeder,習志野牧場,有限会社習志野牧場
breeder,富菜牧場,合同会社富菜牧場
breeder,吉永ファーム,株式会社吉永ファーム
breeder,ベルサイユステーブル,ベルサイユステーブル株式会社
breeder,株式会社ケイズ,有限会社ケイズ
breeder,廣川健二,広川健二
breeder,トド岩高原銀河農場物語株式会社,トド岩高原銀河農場物語有限会社
breeder,高沢弘文,高澤弘文
breeder,長澤廣茂,長沢廣茂
owner,（有）社台レースホース,（株）社台レースホース
owner,（株）大野商事,（有）大野商事
owner,大塚亮一,大塚亮一（株）
owner,濱田幸一,浜田幸一
owner,濱井弘至,浜井弘至
owner,（株）サン,サン
